{
    "rmse": 0.6945249952861354,
    "mae": 0.5534418948865079,
    "r2": 0.2497045122457512
}